Workbook

Sheet Summary
A1: AiRev review status — 30 Days 30 AI Tools
A2: Snapshot 04 Sep 2026, 18:53 IST · ~1,500 learners · 22 assignments
A3: Metric | B3: Value | C3: What it means
A4: Submissions received | B4: ='By Day'!B24 -> 4182 | C4: Every assignment submission on the course.
A5: Marked | B5: ='By Day'!C24 -> 3474 | C5: Reviewed by AiRev (or a mentor) and carrying a mark out of 10.
A6: Marked % | B6: =IF(B4=0,0,B5/B4) -> 0.83070301 | C6: Share of submissions with a final mark.
A7: Average mark (/10, marked rows) | B7: ='By Day'!G24 -> 2.8375245 | C7: Weighted by the number of marked rows per assignment.
A8: Zero marks | B8: ='By Day'!E24 -> 1007 | C8: Read in full and found not to meet the brief, or irrelevant work. Each carries the reasons on the student's card.
A9: Zero % of marked | B9: =IF(B5=0,0,B8/B5) -> 0.28986759
A10: Waiting on the student | B10: ='By Day'!I24 -> 222 | C10: Private or dead link, unreadable file, nothing attached, or different work from the brief. Student told exactly what to fix; can be set to 0-with-reason by admin.
A11: Site blocked our reader (our side) | B11: ='By Day'!H24 -> 174 | C11: Link opened for a person but the site (claude.ai, Notion/Cloudflare, gamma.app) refused our automatic reader. Sent back with no mark — never zeroed. Student adds a screenshot/PDF.
A12: Our side — re-run needed | B12: ='By Day'!J24 -> 111 | C12: Review could not be completed by our reader under the rules in force at the time; the student sees 'our side, not yours'. Re-run by us after tonight's fix; no student action.
A13: Still in the grading queue | B13: ='By Day'!K24 -> 201 | C13: Being processed by the batch at snapshot time (Gamma decks were mid-run).
A14: Not yet marked % | B14: =IF(B4=0,0,(B10+B11+B12+B13)/B4) -> 0.16929699
A16: Where the unmarked work sits
A17: Assignment | B17: Unmarked | C17: Largest reason
A18: Day 02 - Claude: Artfiact Creation and Publishing | B18: ='By Day'!H4+'By Day'!I4+'By Day'!J4+'By Day'!K4 -> 178 | C18: Site blocked our reader (108) — claude.ai refuses automatic readers; students add a screenshot
A19: Day 09 : Gamma | B19: ='By Day'!H12+'By Day'!I12+'By Day'!J12+'By Day'!K12 -> 173 | C19: Still in queue (107) — decks re-offered after the format rule change (PDF/PPTX of the deck now scored on content, minus 2); batch running at snapshot
A20: Day 08: Lovable | B20: ='By Day'!H11+'By Day'!I11+'By Day'!J11+'By Day'!K11 -> 82 | C20: Our side, re-run needed (65) — live apps our reader could not finish; re-run by us tonight
A21: Day 07 : Gemini Canvas | B21: ='By Day'!H10+'By Day'!I10+'By Day'!J10+'By Day'!K10 -> 48 | C21: Student must fix (32) — Google share links that open a sign-in page
A22: Day 05: Gemini Notebook : Create Studio Output | B22: ='By Day'!H8+'By Day'!I8+'By Day'!J8+'By Day'!K8 -> 29 | C22: Student must fix (20) — NotebookLM links land on Google sign-in
A24: Definitions
A25: Marks are out of 10. A zero is a mark: the work was read and scored against the assignment's own requirements, with reasons on the card. Work submitted in the wrong format (a PDF or PPTX of a deck instead of the tool's link) is scored on its content with a fixed 2-mark deduction, never a zero.
A26: "Waiting on the student" rows are not counted as marked. Policy: a private/dead link, an unreadable file, nothing attached, or different work from the brief is the student's to fix; admin can record 0 with the reason.
A27: "Site blocked our reader" and "Our side" are our limitations, never the student's; those rows carry no mark. Site-blocked rows ask the student for a screenshot or PDF; our-side rows are re-run by us.
A28: Numbers come from the LMS database at the snapshot time; re-running the query later gives higher marked counts as the queue drains. Earlier snapshot today: 13:21 IST (4,153 submitted / 3,268 marked).

Sheet By Day
A1: Assignment | B1: Submitted | C1: Graded | D1: Graded % | E1: Zero marks | F1: Zero % of graded | G1: Avg mark (/10) | H1: Site blocked our reader | I1: Student must fix | J1: Our side — re-run needed | K1: Still in queue | L1: Not yet marked %
A2: Day 01:ChatGpt Assignment - Yourself in 5 years | B2: 465 | C2: 427 | D2: =IF(B2=0,0,C2/B2) -> 0.91827957 | E2: 57 | F2: =IF(C2=0,0,E2/C2) -> 0.13348946 | G2: 4.61 | H2: 15 | I2: 5 | J2: 18 | K2: 0 | L2: =IF(B2=0,0,(H2+I2+J2+K2)/B2) -> 0.08172043
A3: Day 01: ChatGpt AI Agent Assignment | B3: 49 | C3: 48 | D3: =IF(B3=0,0,C3/B3) -> 0.97959184 | E3: 33 | F3: =IF(C3=0,0,E3/C3) -> 0.6875 | G3: 0.35 | H3: 0 | I3: 0 | J3: 0 | K3: 1 | L3: =IF(B3=0,0,(H3+I3+J3+K3)/B3) -> 0.020408163
A4: Day 02 - Claude: Artfiact Creation and Publishing | B4: 396 | C4: 218 | D4: =IF(B4=0,0,C4/B4) -> 0.55050505 | E4: 99 | F4: =IF(C4=0,0,E4/C4) -> 0.45412844 | G4: 1.05 | H4: 108 | I4: 63 | J4: 4 | K4: 3 | L4: =IF(B4=0,0,(H4+I4+J4+K4)/B4) -> 0.44949495
A5: Day 03: Perplexity and Grok — AI Transformation in India | B5: 339 | C5: 314 | D5: =IF(B5=0,0,C5/B5) -> 0.92625369 | E5: 84 | F5: =IF(C5=0,0,E5/C5) -> 0.26751592 | G5: 2.8 | H5: 3 | I5: 18 | J5: 2 | K5: 2 | L5: =IF(B5=0,0,(H5+I5+J5+K5)/B5) -> 0.073746313
A6: Day 03: Perplexity and Grok — India's Fintech Market | B6: 359 | C6: 339 | D6: =IF(B6=0,0,C6/B6) -> 0.94428969 | E6: 41 | F6: =IF(C6=0,0,E6/C6) -> 0.12094395 | G6: 3.82 | H6: 4 | I6: 12 | J6: 2 | K6: 2 | L6: =IF(B6=0,0,(H6+I6+J6+K6)/B6) -> 0.055710306
A7: Day 04: Notion : Create a 30 Days 30 AI Tools Portfolio Page | B7: 263 | C7: 253 | D7: =IF(B7=0,0,C7/B7) -> 0.96197719 | E7: 102 | F7: =IF(C7=0,0,E7/C7) -> 0.40316206 | G7: 1.79 | H7: 6 | I7: 1 | J7: 3 | K7: 0 | L7: =IF(B7=0,0,(H7+I7+J7+K7)/B7) -> 0.038022814
A8: Day 05: Gemini Notebook : Create Studio Output | B8: 249 | C8: 220 | D8: =IF(B8=0,0,C8/B8) -> 0.88353414 | E8: 70 | F8: =IF(C8=0,0,E8/C8) -> 0.31818182 | G8: 1.01 | H8: 1 | I8: 20 | J8: 0 | K8: 8 | L8: =IF(B8=0,0,(H8+I8+J8+K8)/B8) -> 0.11646586
A9: Day 06: Suno : Create a song | B9: 248 | C9: 248 | D9: =IF(B9=0,0,C9/B9) -> 1 | E9: 95 | F9: =IF(C9=0,0,E9/C9) -> 0.38306452 | G9: 3.35 | H9: 0 | I9: 0 | J9: 0 | K9: 0 | L9: =IF(B9=0,0,(H9+I9+J9+K9)/B9) -> 0
A10: Day 07 : Gemini Canvas | B10: 206 | C10: 158 | D10: =IF(B10=0,0,C10/B10) -> 0.76699029 | E10: 110 | F10: =IF(C10=0,0,E10/C10) -> 0.69620253 | G10: 1.07 | H10: 0 | I10: 32 | J10: 15 | K10: 1 | L10: =IF(B10=0,0,(H10+I10+J10+K10)/B10) -> 0.23300971
A11: Day 08: Lovable | B11: 188 | C11: 106 | D11: =IF(B11=0,0,C11/B11) -> 0.56382979 | E11: 40 | F11: =IF(C11=0,0,E11/C11) -> 0.37735849 | G11: 3.58 | H11: 5 | I11: 12 | J11: 65 | K11: 0 | L11: =IF(B11=0,0,(H11+I11+J11+K11)/B11) -> 0.43617021
A12: Day 09 : Gamma | B12: 205 | C12: 32 | D12: =IF(B12=0,0,C12/B12) -> 0.15609756 | E12: 21 | F12: =IF(C12=0,0,E12/C12) -> 0.65625 | G12: 0.82 | H12: 30 | I12: 35 | J12: 1 | K12: 107 | L12: =IF(B12=0,0,(H12+I12+J12+K12)/B12) -> 0.84390244
A13: Day 10: Nano Banana | B13: 208 | C13: 188 | D13: =IF(B13=0,0,C13/B13) -> 0.90384615 | E13: 51 | F13: =IF(C13=0,0,E13/C13) -> 0.2712766 | G13: 2.94 | H13: 0 | I13: 0 | J13: 0 | K13: 20 | L13: =IF(B13=0,0,(H13+I13+J13+K13)/B13) -> 0.096153846
... A23: Assignment — LinkedIn Halfway Milestone | B23: 107 | C23: 104 | D23: =IF(B23=0,0,C23/B23) -> 0.97196262 | E23: 14 | F23: =IF(C23=0,0,E23/C23) -> 0.13461538 | G23: 3.75 | H23: 0 | I23: 3 | J23: 0 | K23: 0 | L23: =IF(B23=0,0,(H23+I23+J23+K23)/B23) -> 0.028037383
A24: Course total (30 Days 30 AI Tools) | B24: =SUM(B2:B23) -> 4182 | C24: =SUM(C2:C23) -> 3474 | D24: =IF(B24=0,0,C24/B24) -> 0.83070301 | E24: =SUM(E2:E23) -> 1007 | F24: =IF(C24=0,0,E24/C24) -> 0.28986759 | G24: =IF(C24=0,0,SUMPRODUCT(G2:G23,C2:C23)/C24) -> 2.8375245 | H24: =SUM(H2:H23) -> 174 | I24: =SUM(I2:I23) -> 222 | J24: =SUM(J2:J23) -> 111 | K24: =SUM(K2:K23) -> 201 | L24: =IF(B24=0,0,(H24+I24+J24+K24)/B24) -> 0.16929699
A26: Source: assignment_submissions × assignments, course_id 55, snapshot 04 Sep 2026, 18:53 IST. Avg mark is the mean of graded rows only; course-total avg is weighted by graded count. Every submission sits in exactly one of: graded, site blocked, student must fix, our side, still in queue.
